0,American Black Duck,,,1.0,,BBS JOGGINS (65023) site 2,45.8167362,-64.2395414,06/14/2026,04:59,NS,CA,area,2,3,Y,,124,Data submitted to USGS
1,Ring-necked Pheasant,,,1.0,,BBS JOGGINS (65023) site 1,45.8206843,-64.2303173,06/14/2026,04:59,NS,CA,area,2,3,Y,,124,Data submitted to USGS
2,Ring-necked Pheasant,,,1.0,,BBS JOGGINS (65023) site 4,45.805143,-64.2501102,06/14/2026,04:59,NS,CA,area,2,3,Y,,124,Data submitted to USGS
3,Mourning Dove,,,1.0,,BBS JOGGINS (65023) site 4,45.805143,-64.2501102,06/14/2026,04:59,NS,CA,area,2,3,Y,,124,Data submitted to USGS
4,Mourning Dove,,,1.0,,BBS JOGGINS (65023) site 5,45.7995233,-64.2578581,06/14/2026,04:59,NS,CA,area,2,3,Y,,124,Data submitted to USGS
5,Downy Woodpecker,,,1.0,,BBS JOGGINS (65023) site 1,45.8206843,-64.2303173,06/14/2026,04:59,NS,CA,area,2,3,Y,,124,Data submitted to USGS
6,Alder Flycatcher,,,1.0,,BBS JOGGINS (65023) site 1,45.8206843,-64.2303173,06/14/2026,04:59,NS,CA,area,2,3,Y,,124,Data submitted to USGS
7,Red-eyed Vireo,,,1.0,,BBS JOGGINS (65023) site 5,45.7995233,-64.2578581,06/14/2026,04:59,NS,CA,area,2,3,Y,,124,Data submitted to USGS
8,American Crow,,,3.0,,BBS JOGGINS (65023) site 1,45.8206843,-64.2303173,06/14/2026,04:59,NS,CA,area,2,3,Y,,124,Data submitted to USGS
9,American Crow,,,2.0,,BBS JOGGINS (65023) site 2,45.8167362,-64.2395414,06/14/2026,04:59,NS,CA,area,2,3,Y,,124,Data submitted to USGS
10,American Crow,,,2.0,,BBS JOGGINS (65023) site 3,45.8115853,-64.2458161,06/14/2026,04:59,NS,CA,area,2,3,Y,,124,Data submitted to USGS
11,American Crow,,,4.0,,BBS JOGGINS (65023) site 4,45.805143,-64.2501102,06/14/2026,04:59,NS,CA,area,2,3,Y,,124,Data submitted to USGS
12,Black-capped Chickadee,,,2.0,,BBS JOGGINS (65023) site 2,45.8167362,-64.2395414,06/14/2026,04:59,NS,CA,area,2,3,Y,,124,Data submitted to USGS
13,Black-capped Chickadee,,,2.0,,BBS JOGGINS (65023) site 3,45.8115853,-64.2458161,06/14/2026,04:59,NS,CA,area,2,3,Y,,124,Data submitted to USGS
14,Black-capped Chickadee,,,4.0,,BBS JOGGINS (65023) site 4,45.805143,-64.2501102,06/14/2026,04:59,NS,CA,area,2,3,Y,,124,Data submitted to USGS
15,Tree Swallow,,,2.0,,BBS JOGGINS (65023) site 4,45.805143,-64.2501102,06/14/2026,04:59,NS,CA,area,2,3,Y,,124,Data submitted to USGS
16,Golden-crowned Kinglet,,,2.0,,BBS JOGGINS (65023) site 5,45.7995233,-64.2578581,06/14/2026,04:59,NS,CA,area,2,3,Y,,124,Data submitted to USGS
17,Hermit Thrush,,,1.0,,BBS JOGGINS (65023) site 3,45.8115853,-64.2458161,06/14/2026,04:59,NS,CA,area,2,3,Y,,124,Data submitted to USGS
18,American Robin,,,3.0,,BBS JOGGINS (65023) site 1,45.8206843,-64.2303173,06/14/2026,04:59,NS,CA,area,2,3,Y,,124,Data submitted to USGS
19,American Robin,,,2.0,,BBS JOGGINS (65023) site 2,45.8167362,-64.2395414,06/14/2026,04:59,NS,CA,area,2,3,Y,,124,Data submitted to USGS
20,American Robin,,,2.0,,BBS JOGGINS (65023) site 4,45.805143,-64.2501102,06/14/2026,04:59,NS,CA,area,2,3,Y,,124,Data submitted to USGS
21,American Robin,,,2.0,,BBS JOGGINS (65023) site 5,45.7995233,-64.2578581,06/14/2026,04:59,NS,CA,area,2,3,Y,,124,Data submitted to USGS
22,American Goldfinch,,,4.0,,BBS JOGGINS (65023) site 1,45.8206843,-64.2303173,06/14/2026,04:59,NS,CA,area,2,3,Y,,124,Data submitted to USGS
23,(Slate-colored Junco) Dark-eyed Junco,,,1.0,,BBS JOGGINS (65023) site 4,45.805143,-64.2501102,06/14/2026,04:59,NS,CA,area,2,3,Y,,124,Data submitted to USGS
24,White-throated Sparrow,,,1.0,,BBS JOGGINS (65023) site 1,45.8206843,-64.2303173,06/14/2026,04:59,NS,CA,area,2,3,Y,,124,Data submitted to USGS
25,Song Sparrow,,,2.0,,BBS JOGGINS (65023) site 1,45.8206843,-64.2303173,06/14/2026,04:59,NS,CA,area,2,3,Y,,124,Data submitted to USGS
26,Song Sparrow,,,2.0,,BBS JOGGINS (65023) site 2,45.8167362,-64.2395414,06/14/2026,04:59,NS,CA,area,2,3,Y,,124,Data submitted to USGS
27,Song Sparrow,,,1.0,,BBS JOGGINS (65023) site 4,45.805143,-64.2501102,06/14/2026,04:59,NS,CA,area,2,3,Y,,124,Data submitted to USGS
28,Song Sparrow,,,2.0,,BBS JOGGINS (65023) site 5,45.7995233,-64.2578581,06/14/2026,04:59,NS,CA,area,2,3,Y,,124,Data submitted to USGS
29,Common Grackle,,,1.0,,BBS JOGGINS (65023) site 4,45.805143,-64.2501102,06/14/2026,04:59,NS,CA,area,2,3,Y,,124,Data submitted to USGS
30,Ovenbird,,,1.0,,BBS JOGGINS (65023) site 3,45.8115853,-64.2458161,06/14/2026,04:59,NS,CA,area,2,3,Y,,124,Data submitted to USGS
31,Black-and-white Warbler,,,1.0,,BBS JOGGINS (65023) site 3,45.8115853,-64.2458161,06/14/2026,04:59,NS,CA,area,2,3,Y,,124,Data submitted to USGS
32,American Redstart,,,1.0,,BBS JOGGINS (65023) site 4,45.805143,-64.2501102,06/14/2026,04:59,NS,CA,area,2,3,Y,,124,Data submitted to USGS
33,Northern Parula,,,1.0,,BBS JOGGINS (65023) site 5,45.7995233,-64.2578581,06/14/2026,04:59,NS,CA,area,2,3,Y,,124,Data submitted to USGS
34,Yellow Warbler,,,2.0,,BBS JOGGINS (65023) site 1,45.8206843,-64.2303173,06/14/2026,04:59,NS,CA,area,2,3,Y,,124,Data submitted to USGS
35,Yellow Warbler,,,1.0,,BBS JOGGINS (65023) site 2,45.8167362,-64.2395414,06/14/2026,04:59,NS,CA,area,2,3,Y,,124,Data submitted to USGS
36,Brown Creeper,,,1.0,,BBS JOGGINS (65023) site 3,45.8115853,-64.2458161,06/14/2026,04:59,NS,CA,area,2,3,Y,,124,Data submitted to USGS
37,House Finch,,,1.0,,BBS JOGGINS (65023) site 3,45.8115853,-64.2458161,06/14/2026,04:59,NS,CA,area,2,3,Y,,124,Data submitted to USGS
38,Black-throated Blue Warbler,,,1.0,,BBS JOGGINS (65023) site 3,45.8115853,-64.2458161,06/14/2026,04:59,NS,CA,area,2,3,Y,,124,Data submitted to USGS
39,Wilson's Warbler,,,1.0,,BBS JOGGINS (65023) site 5,45.7995233,-64.2578581,06/14/2026,04:59,NS,CA,area,2,3,Y,,124,Data submitted to USGS
40,Canada Goose,,,1.0,,BBS JOGGINS (65023) site 7,45.7887794,-64.2694007,06/14/2026,04:59,NS,CA,area,2,3,Y,,124,Data submitted to USGS
41,Gadwall,,,1.0,,BBS JOGGINS (65023) site 9,45.7812381,-64.2561975,06/14/2026,04:59,NS,CA,area,2,3,Y,,124,Data submitted to USGS
42,Ring-necked Pheasant,,,1.0,,BBS JOGGINS (65023) site 9,45.7812381,-64.2561975,06/14/2026,04:59,NS,CA,area,2,3,Y,,124,Data submitted to USGS
43,Pied-billed Grebe,,,1.0,,BBS JOGGINS (65023) site 9,45.7812381,-64.2561975,06/14/2026,04:59,NS,CA,area,2,3,Y,,124,Data submitted to USGS
44,Mourning Dove,,,1.0,,BBS JOGGINS (65023) site 9,45.7812381,-64.2561975,06/14/2026,04:59,NS,CA,area,2,3,Y,,124,Data submitted to USGS
45,Mourning Dove,,,1.0,,BBS JOGGINS (65023) site 10,45.7746129,-64.2490652,06/14/2026,04:59,NS,CA,area,2,3,Y,,124,Data submitted to USGS
46,Sora,,,1.0,,BBS JOGGINS (65023) site 9,45.7812381,-64.2561975,06/14/2026,04:59,NS,CA,area,2,3,Y,,124,Data submitted to USGS
47,Great Blue Heron,,,2.0,,BBS JOGGINS (65023) site 9,45.7812381,-64.2561975,06/14/2026,04:59,NS,CA,area,2,3,Y,,124,Data submitted to USGS
48,Alder Flycatcher,,,1.0,,BBS JOGGINS (65023) site 6,45.7949041,-64.2638057,06/14/2026,04:59,NS,CA,area,2,3,Y,,124,Data submitted to USGS
49,Alder Flycatcher,,,1.0,,BBS JOGGINS (65023) site 7,45.7887794,-64.2694007,06/14/2026,04:59,NS,CA,area,2,3,Y,,124,Data submitted to USGS
50,Alder Flycatcher,,,1.0,,BBS JOGGINS (65023) site 9,45.7812381,-64.2561975,06/14/2026,04:59,NS,CA,area,2,3,Y,,124,Data submitted to USGS
51,Alder Flycatcher,,,2.0,,BBS JOGGINS (65023) site 10,45.7746129,-64.2490652,06/14/2026,04:59,NS,CA,area,2,3,Y,,124,Data submitted to USGS
52,American Crow,,,2.0,,BBS JOGGINS (65023) site 6,45.7949041,-64.2638057,06/14/2026,04:59,NS,CA,area,2,3,Y,,124,Data submitted to USGS
53,American Crow,,,3.0,,BBS JOGGINS (65023) site 7,45.7887794,-64.2694007,06/14/2026,04:59,NS,CA,area,2,3,Y,,124,Data submitted to USGS
54,American Crow,,,5.0,,BBS JOGGINS (65023) site 8,45.7850964,-64.2645104,06/14/2026,04:59,NS,CA,area,2,3,Y,,124,Data submitted to USGS
55,American Crow,,,3.0,,BBS JOGGINS (65023) site 10,45.7746129,-64.2490652,06/14/2026,04:59,NS,CA,area,2,3,Y,,124,Data submitted to USGS
56,Tree Swallow,,,4.0,,BBS JOGGINS (65023) site 7,45.7887794,-64.2694007,06/14/2026,04:59,NS,CA,area,2,3,Y,,124,Data submitted to USGS
57,Cedar Waxwing,,,2.0,,BBS JOGGINS (65023) site 9,45.7812381,-64.2561975,06/14/2026,04:59,NS,CA,area,2,3,Y,,124,Data submitted to USGS
58,Gray Catbird,,,1.0,,BBS JOGGINS (65023) site 7,45.7887794,-64.2694007,06/14/2026,04:59,NS,CA,area,2,3,Y,,124,Data submitted to USGS
59,European Starling,,,1.0,,BBS JOGGINS (65023) site 6,45.7949041,-64.2638057,06/14/2026,04:59,NS,CA,area,2,3,Y,,124,Data submitted to USGS
60,European Starling,,,5.0,,BBS JOGGINS (65023) site 7,45.7887794,-64.2694007,06/14/2026,04:59,NS,CA,area,2,3,Y,,124,Data submitted to USGS
61,European Starling,,,1.0,,BBS JOGGINS (65023) site 8,45.7850964,-64.2645104,06/14/2026,04:59,NS,CA,area,2,3,Y,,124,Data submitted to USGS
62,European Starling,,,1.0,,BBS JOGGINS (65023) site 10,45.7746129,-64.2490652,06/14/2026,04:59,NS,CA,area,2,3,Y,,124,Data submitted to USGS
63,American Robin,,,1.0,,BBS JOGGINS (65023) site 6,45.7949041,-64.2638057,06/14/2026,04:59,NS,CA,area,2,3,Y,,124,Data submitted to USGS
64,American Robin,,,2.0,,BBS JOGGINS (65023) site 8,45.7850964,-64.2645104,06/14/2026,04:59,NS,CA,area,2,3,Y,,124,Data submitted to USGS
65,Purple Finch,,,1.0,,BBS JOGGINS (65023) site 6,45.7949041,-64.2638057,06/14/2026,04:59,NS,CA,area,2,3,Y,,124,Data submitted to USGS
66,American Goldfinch,,,4.0,,BBS JOGGINS (65023) site 10,45.7746129,-64.2490652,06/14/2026,04:59,NS,CA,area,2,3,Y,,124,Data submitted to USGS
67,Savannah Sparrow,,,1.0,,BBS JOGGINS (65023) site 7,45.7887794,-64.2694007,06/14/2026,04:59,NS,CA,area,2,3,Y,,124,Data submitted to USGS
68,Song Sparrow,,,1.0,,BBS JOGGINS (65023) site 6,45.7949041,-64.2638057,06/14/2026,04:59,NS,CA,area,2,3,Y,,124,Data submitted to USGS
69,Song Sparrow,,,1.0,,BBS JOGGINS (65023) site 7,45.7887794,-64.2694007,06/14/2026,04:59,NS,CA,area,2,3,Y,,124,Data submitted to USGS
70,Song Sparrow,,,1.0,,BBS JOGGINS (65023) site 8,45.7850964,-64.2645104,06/14/2026,04:59,NS,CA,area,2,3,Y,,124,Data submitted to USGS
71,Song Sparrow,,,1.0,,BBS JOGGINS (65023) site 10,45.7746129,-64.2490652,06/14/2026,04:59,NS,CA,area,2,3,Y,,124,Data submitted to USGS
72,Swamp Sparrow,,,1.0,,BBS JOGGINS (65023) site 9,45.7812381,-64.2561975,06/14/2026,04:59,NS,CA,area,2,3,Y,,124,Data submitted to USGS
73,Swamp Sparrow,,,2.0,,BBS JOGGINS (65023) site 10,45.7746129,-64.2490652,06/14/2026,04:59,NS,CA,area,2,3,Y,,124,Data submitted to USGS
74,Red-winged Blackbird,,,10.0,,BBS JOGGINS (65023) site 9,45.7812381,-64.2561975,06/14/2026,04:59,NS,CA,area,2,3,Y,,124,Data submitted to USGS
75,Common Grackle,,,1.0,,BBS JOGGINS (65023) site 6,45.7949041,-64.2638057,06/14/2026,04:59,NS,CA,area,2,3,Y,,124,Data submitted to USGS
76,Common Grackle,,,1.0,,BBS JOGGINS (65023) site 8,45.7850964,-64.2645104,06/14/2026,04:59,NS,CA,area,2,3,Y,,124,Data submitted to USGS
77,Common Yellowthroat,,,1.0,,BBS JOGGINS (65023) site 8,45.7850964,-64.2645104,06/14/2026,04:59,NS,CA,area,2,3,Y,,124,Data submitted to USGS
78,Common Yellowthroat,,,1.0,,BBS JOGGINS (65023) site 10,45.7746129,-64.2490652,06/14/2026,04:59,NS,CA,area,2,3,Y,,124,Data submitted to USGS
79,Northern Parula,,,1.0,,BBS JOGGINS (65023) site 6,45.7949041,-64.2638057,06/14/2026,04:59,NS,CA,area,2,3,Y,,124,Data submitted to USGS
80,Yellow Warbler,,,1.0,,BBS JOGGINS (65023) site 6,45.7949041,-64.2638057,06/14/2026,04:59,NS,CA,area,2,3,Y,,124,Data submitted to USGS
81,Yellow Warbler,,,2.0,,BBS JOGGINS (65023) site 8,45.7850964,-64.2645104,06/14/2026,04:59,NS,CA,area,2,3,Y,,124,Data submitted to USGS
82,Yellow Warbler,,,2.0,,BBS JOGGINS (65023) site 9,45.7812381,-64.2561975,06/14/2026,04:59,NS,CA,area,2,3,Y,,124,Data submitted to USGS
83,Blue-winged Teal,,,2.0,,BBS JOGGINS (65023) site 13,45.7575634,-64.2402014,06/14/2026,04:59,NS,CA,area,2,3,Y,,124,Data submitted to USGS
84,Ring-necked Pheasant,,,1.0,,BBS JOGGINS (65023) site 13,45.7575634,-64.2402014,06/14/2026,04:59,NS,CA,area,2,3,Y,,124,Data submitted to USGS
85,Mourning Dove,,,1.0,,BBS JOGGINS (65023) site 14,45.750919,-64.2420343,06/14/2026,04:59,NS,CA,area,2,3,Y,,124,Data submitted to USGS
86,Rock Pigeon,,,2.0,,BBS JOGGINS (65023) site 11,45.772337,-64.2427364,06/14/2026,04:59,NS,CA,area,2,3,Y,,124,Data submitted to USGS
87,Bald Eagle,,,1.0,,BBS JOGGINS (65023) site 11,45.772337,-64.2427364,06/14/2026,04:59,NS,CA,area,2,3,Y,,124,Data submitted to USGS
88,Red-eyed Vireo,,,1.0,,BBS JOGGINS (65023) site 15,45.7441417,-64.2467263,06/14/2026,04:59,NS,CA,area,2,3,Y,,124,Data submitted to USGS
89,Blue Jay,,,1.0,,BBS JOGGINS (65023) site 13,45.7575634,-64.2402014,06/14/2026,04:59,NS,CA,area,2,3,Y,,124,Data submitted to USGS
90,Blue Jay,,,1.0,,BBS JOGGINS (65023) site 14,45.750919,-64.2420343,06/14/2026,04:59,NS,CA,area,2,3,Y,,124,Data submitted to USGS
91,American Crow,,,2.0,,BBS JOGGINS (65023) site 11,45.772337,-64.2427364,06/14/2026,04:59,NS,CA,area,2,3,Y,,124,Data submitted to USGS
92,American Crow,,,2.0,,BBS JOGGINS (65023) site 12,45.7648864,-64.2412175,06/14/2026,04:59,NS,CA,area,2,3,Y,,124,Data submitted to USGS
93,American Crow,,,1.0,,BBS JOGGINS (65023) site 14,45.750919,-64.2420343,06/14/2026,04:59,NS,CA,area,2,3,Y,,124,Data submitted to USGS
94,American Crow,,,1.0,,BBS JOGGINS (65023) site 15,45.7441417,-64.2467263,06/14/2026,04:59,NS,CA,area,2,3,Y,,124,Data submitted to USGS
95,Common Raven,,,2.0,,BBS JOGGINS (65023) site 13,45.7575634,-64.2402014,06/14/2026,04:59,NS,CA,area,2,3,Y,,124,Data submitted to USGS
96,Tree Swallow,,,1.0,,BBS JOGGINS (65023) site 13,45.7575634,-64.2402014,06/14/2026,04:59,NS,CA,area,2,3,Y,,124,Data submitted to USGS
97,Tree Swallow,,,2.0,,BBS JOGGINS (65023) site 14,45.750919,-64.2420343,06/14/2026,04:59,NS,CA,area,2,3,Y,,124,Data submitted to USGS
98,European Starling,,,2.0,,BBS JOGGINS (65023) site 12,45.7648864,-64.2412175,06/14/2026,04:59,NS,CA,area,2,3,Y,,124,Data submitted to USGS
99,European Starling,,,20.0,,BBS JOGGINS (65023) site 13,45.7575634,-64.2402014,06/14/2026,04:59,NS,CA,area,2,3,Y,,124,Data submitted to USGS
100,European Starling,,,1.0,,BBS JOGGINS (65023) site 14,45.750919,-64.2420343,06/14/2026,04:59,NS,CA,area,2,3,Y,,124,Data submitted to USGS
101,Veery,,,1.0,,BBS JOGGINS (65023) site 14,45.750919,-64.2420343,06/14/2026,04:59,NS,CA,area,2,3,Y,,124,Data submitted to USGS
102,American Robin,,,1.0,,BBS JOGGINS (65023) site 12,45.7648864,-64.2412175,06/14/2026,04:59,NS,CA,area,2,3,Y,,124,Data submitted to USGS
103,American Robin,,,1.0,,BBS JOGGINS (65023) site 14,45.750919,-64.2420343,06/14/2026,04:59,NS,CA,area,2,3,Y,,124,Data submitted to USGS
104,American Robin,,,2.0,,BBS JOGGINS (65023) site 15,45.7441417,-64.2467263,06/14/2026,04:59,NS,CA,area,2,3,Y,,124,Data submitted to USGS
105,Chipping Sparrow,,,1.0,,BBS JOGGINS (65023) site 13,45.7575634,-64.2402014,06/14/2026,04:59,NS,CA,area,2,3,Y,,124,Data submitted to USGS
106,Chipping Sparrow,,,1.0,,BBS JOGGINS (65023) site 15,45.7441417,-64.2467263,06/14/2026,04:59,NS,CA,area,2,3,Y,,124,Data submitted to USGS
107,Savannah Sparrow,,,2.0,,BBS JOGGINS (65023) site 12,45.7648864,-64.2412175,06/14/2026,04:59,NS,CA,area,2,3,Y,,124,Data submitted to USGS
108,Savannah Sparrow,,,1.0,,BBS JOGGINS (65023) site 13,45.7575634,-64.2402014,06/14/2026,04:59,NS,CA,area,2,3,Y,,124,Data submitted to USGS
109,Song Sparrow,,,1.0,,BBS JOGGINS (65023) site 11,45.772337,-64.2427364,06/14/2026,04:59,NS,CA,area,2,3,Y,,124,Data submitted to USGS
110,Song Sparrow,,,1.0,,BBS JOGGINS (65023) site 14,45.750919,-64.2420343,06/14/2026,04:59,NS,CA,area,2,3,Y,,124,Data submitted to USGS
111,Swamp Sparrow,,,1.0,,BBS JOGGINS (65023) site 11,45.772337,-64.2427364,06/14/2026,04:59,NS,CA,area,2,3,Y,,124,Data submitted to USGS
112,Bobolink,,,1.0,,BBS JOGGINS (65023) site 11,45.772337,-64.2427364,06/14/2026,04:59,NS,CA,area,2,3,Y,,124,Data submitted to USGS
113,Bobolink,,,2.0,,BBS JOGGINS (65023) site 12,45.7648864,-64.2412175,06/14/2026,04:59,NS,CA,area,2,3,Y,,124,Data submitted to USGS
114,Bobolink,,,1.0,,BBS JOGGINS (65023) site 14,45.750919,-64.2420343,06/14/2026,04:59,NS,CA,area,2,3,Y,,124,Data submitted to USGS
115,Common Yellowthroat,,,2.0,,BBS JOGGINS (65023) site 12,45.7648864,-64.2412175,06/14/2026,04:59,NS,CA,area,2,3,Y,,124,Data submitted to USGS
116,Common Yellowthroat,,,1.0,,BBS JOGGINS (65023) site 14,45.750919,-64.2420343,06/14/2026,04:59,NS,CA,area,2,3,Y,,124,Data submitted to USGS
117,American Redstart,,,1.0,,BBS JOGGINS (65023) site 15,45.7441417,-64.2467263,06/14/2026,04:59,NS,CA,area,2,3,Y,,124,Data submitted to USGS
118,Northern Parula,,,1.0,,BBS JOGGINS (65023) site 14,45.750919,-64.2420343,06/14/2026,04:59,NS,CA,area,2,3,Y,,124,Data submitted to USGS
119,Yellow Warbler,,,1.0,,BBS JOGGINS (65023) site 14,45.750919,-64.2420343,06/14/2026,04:59,NS,CA,area,2,3,Y,,124,Data submitted to USGS
120,Chestnut-sided Warbler,,,1.0,,BBS JOGGINS (65023) site 15,45.7441417,-64.2467263,06/14/2026,04:59,NS,CA,area,2,3,Y,,124,Data submitted to USGS
121,Eastern Kingbird,,,1.0,,BBS JOGGINS (65023) site 11,45.772337,-64.2427364,06/14/2026,04:59,NS,CA,area,2,3,Y,,124,Data submitted to USGS
122,Willow Flycatcher,,,1.0,,BBS JOGGINS (65023) site 11,45.772337,-64.2427364,06/14/2026,04:59,NS,CA,area,2,3,Y,,124,Data submitted to USGS
123,Barn Swallow,,,1.0,,BBS JOGGINS (65023) site 12,45.7648864,-64.2412175,06/14/2026,04:59,NS,CA,area,2,3,Y,,124,Data submitted to USGS
124,Blue-winged Teal,,,3.0,,BBS JOGGINS (65023) site 18,45.72602,-64.2543356,06/14/2026,04:59,NS,CA,area,2,3,Y,,124,Data submitted to USGS
125,American Black Duck,,,2.0,,BBS JOGGINS (65023) site 18,45.72602,-64.2543356,06/14/2026,04:59,NS,CA,area,2,3,Y,,124,Data submitted to USGS
126,Ring-necked Pheasant,,,1.0,,BBS JOGGINS (65023) site 16,45.7366943,-64.2485868,06/14/2026,04:59,NS,CA,area,2,3,Y,,124,Data submitted to USGS
127,Ring-necked Pheasant,,,1.0,,BBS JOGGINS (65023) site 18,45.72602,-64.2543356,06/14/2026,04:59,NS,CA,area,2,3,Y,,124,Data submitted to USGS
128,Ring-necked Pheasant,,,1.0,,BBS JOGGINS (65023) site 19,45.7234293,-64.2619894,06/14/2026,04:59,NS,CA,area,2,3,Y,,124,Data submitted to USGS
129,Bald Eagle,,,1.0,,BBS JOGGINS (65023) site 17,45.7306583,-64.2510985,06/14/2026,04:59,NS,CA,area,2,3,Y,,124,Data submitted to USGS
130,Yellow-bellied Sapsucker,,,1.0,,BBS JOGGINS (65023) site 16,45.7366943,-64.2485868,06/14/2026,04:59,NS,CA,area,2,3,Y,,124,Data submitted to USGS
131,Yellow-bellied Sapsucker,,,1.0,,BBS JOGGINS (65023) site 20,45.7190881,-64.2740461,06/14/2026,04:59,NS,CA,area,2,3,Y,,124,Data submitted to USGS
132,(Yellow-shafted Flicker) Northern Flicker,,,2.0,,BBS JOGGINS (65023) site 16,45.7366943,-64.2485868,06/14/2026,04:59,NS,CA,area,2,3,Y,,124,Data submitted to USGS
133,Alder Flycatcher,,,1.0,,BBS JOGGINS (65023) site 18,45.72602,-64.2543356,06/14/2026,04:59,NS,CA,area,2,3,Y,,124,Data submitted to USGS
134,Philadelphia Vireo,,,1.0,,BBS JOGGINS (65023) site 17,45.7306583,-64.2510985,06/14/2026,04:59,NS,CA,area,2,3,Y,,124,Data submitted to USGS
135,Blue Jay,,,1.0,,BBS JOGGINS (65023) site 16,45.7366943,-64.2485868,06/14/2026,04:59,NS,CA,area,2,3,Y,,124,Data submitted to USGS
136,Blue Jay,,,1.0,,BBS JOGGINS (65023) site 18,45.72602,-64.2543356,06/14/2026,04:59,NS,CA,area,2,3,Y,,124,Data submitted to USGS
137,Blue Jay,,,2.0,,BBS JOGGINS (65023) site 19,45.7234293,-64.2619894,06/14/2026,04:59,NS,CA,area,2,3,Y,,124,Data submitted to USGS
138,American Crow,,,3.0,,BBS JOGGINS (65023) site 17,45.7306583,-64.2510985,06/14/2026,04:59,NS,CA,area,2,3,Y,,124,Data submitted to USGS
139,American Crow,,,1.0,,BBS JOGGINS (65023) site 18,45.72602,-64.2543356,06/14/2026,04:59,NS,CA,area,2,3,Y,,124,Data submitted to USGS
140,American Crow,,,2.0,,BBS JOGGINS (65023) site 19,45.7234293,-64.2619894,06/14/2026,04:59,NS,CA,area,2,3,Y,,124,Data submitted to USGS
141,Common Raven,,,1.0,,BBS JOGGINS (65023) site 18,45.72602,-64.2543356,06/14/2026,04:59,NS,CA,area,2,3,Y,,124,Data submitted to USGS
142,Black-capped Chickadee,,,1.0,,BBS JOGGINS (65023) site 16,45.7366943,-64.2485868,06/14/2026,04:59,NS,CA,area,2,3,Y,,124,Data submitted to USGS
143,Tree Swallow,,,2.0,,BBS JOGGINS (65023) site 18,45.72602,-64.2543356,06/14/2026,04:59,NS,CA,area,2,3,Y,,124,Data submitted to USGS
144,Cedar Waxwing,,,1.0,,BBS JOGGINS (65023) site 17,45.7306583,-64.2510985,06/14/2026,04:59,NS,CA,area,2,3,Y,,124,Data submitted to USGS
145,Cedar Waxwing,,,1.0,,BBS JOGGINS (65023) site 18,45.72602,-64.2543356,06/14/2026,04:59,NS,CA,area,2,3,Y,,124,Data submitted to USGS
146,Cedar Waxwing,,,6.0,,BBS JOGGINS (65023) site 19,45.7234293,-64.2619894,06/14/2026,04:59,NS,CA,area,2,3,Y,,124,Data submitted to USGS
147,Gray Catbird,,,1.0,,BBS JOGGINS (65023) site 16,45.7366943,-64.2485868,06/14/2026,04:59,NS,CA,area,2,3,Y,,124,Data submitted to USGS
148,Veery,,,1.0,,BBS JOGGINS (65023) site 16,45.7366943,-64.2485868,06/14/2026,04:59,NS,CA,area,2,3,Y,,124,Data submitted to USGS
149,Hermit Thrush,,,1.0,,BBS JOGGINS (65023) site 20,45.7190881,-64.2740461,06/14/2026,04:59,NS,CA,area,2,3,Y,,124,Data submitted to USGS
150,American Goldfinch,,,2.0,,BBS JOGGINS (65023) site 18,45.72602,-64.2543356,06/14/2026,04:59,NS,CA,area,2,3,Y,,124,Data submitted to USGS
151,American Goldfinch,,,3.0,,BBS JOGGINS (65023) site 19,45.7234293,-64.2619894,06/14/2026,04:59,NS,CA,area,2,3,Y,,124,Data submitted to USGS
152,American Goldfinch,,,1.0,,BBS JOGGINS (65023) site 20,45.7190881,-64.2740461,06/14/2026,04:59,NS,CA,area,2,3,Y,,124,Data submitted to USGS
153,White-throated Sparrow,,,1.0,,BBS JOGGINS (65023) site 16,45.7366943,-64.2485868,06/14/2026,04:59,NS,CA,area,2,3,Y,,124,Data submitted to USGS
154,White-throated Sparrow,,,1.0,,BBS JOGGINS (65023) site 17,45.7306583,-64.2510985,06/14/2026,04:59,NS,CA,area,2,3,Y,,124,Data submitted to USGS
155,Song Sparrow,,,1.0,,BBS JOGGINS (65023) site 17,45.7306583,-64.2510985,06/14/2026,04:59,NS,CA,area,2,3,Y,,124,Data submitted to USGS
156,Song Sparrow,,,1.0,,BBS JOGGINS (65023) site 19,45.7234293,-64.2619894,06/14/2026,04:59,NS,CA,area,2,3,Y,,124,Data submitted to USGS
157,Swamp Sparrow,,,1.0,,BBS JOGGINS (65023) site 18,45.72602,-64.2543356,06/14/2026,04:59,NS,CA,area,2,3,Y,,124,Data submitted to USGS
158,Bobolink,,,1.0,,BBS JOGGINS (65023) site 18,45.72602,-64.2543356,06/14/2026,04:59,NS,CA,area,2,3,Y,,124,Data submitted to USGS
159,Red-winged Blackbird,,,10.0,,BBS JOGGINS (65023) site 18,45.72602,-64.2543356,06/14/2026,04:59,NS,CA,area,2,3,Y,,124,Data submitted to USGS
160,Ovenbird,,,1.0,,BBS JOGGINS (65023) site 17,45.7306583,-64.2510985,06/14/2026,04:59,NS,CA,area,2,3,Y,,124,Data submitted to USGS
161,Ovenbird,,,1.0,,BBS JOGGINS (65023) site 20,45.7190881,-64.2740461,06/14/2026,04:59,NS,CA,area,2,3,Y,,124,Data submitted to USGS
162,Black-and-white Warbler,,,1.0,,BBS JOGGINS (65023) site 16,45.7366943,-64.2485868,06/14/2026,04:59,NS,CA,area,2,3,Y,,124,Data submitted to USGS
163,Black-and-white Warbler,,,1.0,,BBS JOGGINS (65023) site 20,45.7190881,-64.2740461,06/14/2026,04:59,NS,CA,area,2,3,Y,,124,Data submitted to USGS
164,Common Yellowthroat,,,1.0,,BBS JOGGINS (65023) site 17,45.7306583,-64.2510985,06/14/2026,04:59,NS,CA,area,2,3,Y,,124,Data submitted to USGS
165,American Redstart,,,1.0,,BBS JOGGINS (65023) site 16,45.7366943,-64.2485868,06/14/2026,04:59,NS,CA,area,2,3,Y,,124,Data submitted to USGS
166,American Redstart,,,1.0,,BBS JOGGINS (65023) site 18,45.72602,-64.2543356,06/14/2026,04:59,NS,CA,area,2,3,Y,,124,Data submitted to USGS
167,Northern Parula,,,1.0,,BBS JOGGINS (65023) site 16,45.7366943,-64.2485868,06/14/2026,04:59,NS,CA,area,2,3,Y,,124,Data submitted to USGS
168,Northern Parula,,,1.0,,BBS JOGGINS (65023) site 17,45.7306583,-64.2510985,06/14/2026,04:59,NS,CA,area,2,3,Y,,124,Data submitted to USGS
169,Northern Parula,,,1.0,,BBS JOGGINS (65023) site 20,45.7190881,-64.2740461,06/14/2026,04:59,NS,CA,area,2,3,Y,,124,Data submitted to USGS
170,Yellow Warbler,,,1.0,,BBS JOGGINS (65023) site 18,45.72602,-64.2543356,06/14/2026,04:59,NS,CA,area,2,3,Y,,124,Data submitted to USGS
171,Yellow Warbler,,,1.0,,BBS JOGGINS (65023) site 19,45.7234293,-64.2619894,06/14/2026,04:59,NS,CA,area,2,3,Y,,124,Data submitted to USGS
172,Chestnut-sided Warbler,,,2.0,,BBS JOGGINS (65023) site 19,45.7234293,-64.2619894,06/14/2026,04:59,NS,CA,area,2,3,Y,,124,Data submitted to USGS
173,Chestnut-sided Warbler,,,1.0,,BBS JOGGINS (65023) site 20,45.7190881,-64.2740461,06/14/2026,04:59,NS,CA,area,2,3,Y,,124,Data submitted to USGS
174,Hairy Woodpecker,,,1.0,,BBS JOGGINS (65023) site 20,45.7190881,-64.2740461,06/14/2026,04:59,NS,CA,area,2,3,Y,,124,Data submitted to USGS
175,Northern Cardinal,,,1.0,,BBS JOGGINS (65023) site 16,45.7366943,-64.2485868,06/14/2026,04:59,NS,CA,area,2,3,Y,,124,Data submitted to USGS
176,Northern Cardinal,,,1.0,,BBS JOGGINS (65023) site 20,45.7190881,-64.2740461,06/14/2026,04:59,NS,CA,area,2,3,Y,,124,Data submitted to USGS
177,Ruffed Grouse,,,1.0,,BBS JOGGINS (65023) site 25,45.7154687,-64.3168662,06/14/2026,04:59,NS,CA,area,2,3,Y,,124,Data submitted to USGS
178,Ruby-throated Hummingbird,,,1.0,,BBS JOGGINS (65023) site 21,45.7166317,-64.2802193,06/14/2026,04:59,NS,CA,area,2,3,Y,,124,Data submitted to USGS
179,Ruby-throated Hummingbird,,,1.0,,BBS JOGGINS (65023) site 25,45.7154687,-64.3168662,06/14/2026,04:59,NS,CA,area,2,3,Y,,124,Data submitted to USGS
180,Downy Woodpecker,,,1.0,,BBS JOGGINS (65023) site 22,45.7163812,-64.2871343,06/14/2026,04:59,NS,CA,area,2,3,Y,,124,Data submitted to USGS
181,Alder Flycatcher,,,1.0,,BBS JOGGINS (65023) site 25,45.7154687,-64.3168662,06/14/2026,04:59,NS,CA,area,2,3,Y,,124,Data submitted to USGS
182,Philadelphia Vireo,,,1.0,,BBS JOGGINS (65023) site 24,45.7143416,-64.3075327,06/14/2026,04:59,NS,CA,area,2,3,Y,,124,Data submitted to USGS
183,Red-eyed Vireo,,,1.0,,BBS JOGGINS (65023) site 21,45.7166317,-64.2802193,06/14/2026,04:59,NS,CA,area,2,3,Y,,124,Data submitted to USGS
184,Red-eyed Vireo,,,1.0,,BBS JOGGINS (65023) site 22,45.7163812,-64.2871343,06/14/2026,04:59,NS,CA,area,2,3,Y,,124,Data submitted to USGS
185,Red-eyed Vireo,,,1.0,,BBS JOGGINS (65023) site 23,45.7148046,-64.2988491,06/14/2026,04:59,NS,CA,area,2,3,Y,,124,Data submitted to USGS
186,Red-eyed Vireo,,,1.0,,BBS JOGGINS (65023) site 25,45.7154687,-64.3168662,06/14/2026,04:59,NS,CA,area,2,3,Y,,124,Data submitted to USGS
187,Blue Jay,,,1.0,,BBS JOGGINS (65023) site 21,45.7166317,-64.2802193,06/14/2026,04:59,NS,CA,area,2,3,Y,,124,Data submitted to USGS
188,Blue Jay,,,1.0,,BBS JOGGINS (65023) site 22,45.7163812,-64.2871343,06/14/2026,04:59,NS,CA,area,2,3,Y,,124,Data submitted to USGS
189,Black-capped Chickadee,,,1.0,,BBS JOGGINS (65023) site 21,45.7166317,-64.2802193,06/14/2026,04:59,NS,CA,area,2,3,Y,,124,Data submitted to USGS
190,Golden-crowned Kinglet,,,1.0,,BBS JOGGINS (65023) site 23,45.7148046,-64.2988491,06/14/2026,04:59,NS,CA,area,2,3,Y,,124,Data submitted to USGS
191,Cedar Waxwing,,,2.0,,BBS JOGGINS (65023) site 22,45.7163812,-64.2871343,06/14/2026,04:59,NS,CA,area,2,3,Y,,124,Data submitted to USGS
192,Red-breasted Nuthatch,,,1.0,,BBS JOGGINS (65023) site 22,45.7163812,-64.2871343,06/14/2026,04:59,NS,CA,area,2,3,Y,,124,Data submitted to USGS
193,Red-breasted Nuthatch,,,1.0,,BBS JOGGINS (65023) site 23,45.7148046,-64.2988491,06/14/2026,04:59,NS,CA,area,2,3,Y,,124,Data submitted to USGS
194,Winter Wren,,,1.0,,BBS JOGGINS (65023) site 22,45.7163812,-64.2871343,06/14/2026,04:59,NS,CA,area,2,3,Y,,124,Data submitted to USGS
195,Veery,,,1.0,,BBS JOGGINS (65023) site 21,45.7166317,-64.2802193,06/14/2026,04:59,NS,CA,area,2,3,Y,,124,Data submitted to USGS
196,Swainson's Thrush,,,1.0,,BBS JOGGINS (65023) site 22,45.7163812,-64.2871343,06/14/2026,04:59,NS,CA,area,2,3,Y,,124,Data submitted to USGS
197,Swainson's Thrush,,,1.0,,BBS JOGGINS (65023) site 24,45.7143416,-64.3075327,06/14/2026,04:59,NS,CA,area,2,3,Y,,124,Data submitted to USGS
198,Swainson's Thrush,,,1.0,,BBS JOGGINS (65023) site 25,45.7154687,-64.3168662,06/14/2026,04:59,NS,CA,area,2,3,Y,,124,Data submitted to USGS
199,American Robin,,,1.0,,BBS JOGGINS (65023) site 21,45.7166317,-64.2802193,06/14/2026,04:59,NS,CA,area,2,3,Y,,124,Data submitted to USGS
200,American Robin,,,1.0,,BBS JOGGINS (65023) site 24,45.7143416,-64.3075327,06/14/2026,04:59,NS,CA,area,2,3,Y,,124,Data submitted to USGS
201,White-throated Sparrow,,,1.0,,BBS JOGGINS (65023) site 22,45.7163812,-64.2871343,06/14/2026,04:59,NS,CA,area,2,3,Y,,124,Data submitted to USGS
202,White-throated Sparrow,,,1.0,,BBS JOGGINS (65023) site 24,45.7143416,-64.3075327,06/14/2026,04:59,NS,CA,area,2,3,Y,,124,Data submitted to USGS
203,White-throated Sparrow,,,1.0,,BBS JOGGINS (65023) site 25,45.7154687,-64.3168662,06/14/2026,04:59,NS,CA,area,2,3,Y,,124,Data submitted to USGS
204,Song Sparrow,,,2.0,,BBS JOGGINS (65023) site 25,45.7154687,-64.3168662,06/14/2026,04:59,NS,CA,area,2,3,Y,,124,Data submitted to USGS
205,Ovenbird,,,1.0,,BBS JOGGINS (65023) site 21,45.7166317,-64.2802193,06/14/2026,04:59,NS,CA,area,2,3,Y,,124,Data submitted to USGS
206,Ovenbird,,,2.0,,BBS JOGGINS (65023) site 22,45.7163812,-64.2871343,06/14/2026,04:59,NS,CA,area,2,3,Y,,124,Data submitted to USGS
207,Ovenbird,,,2.0,,BBS JOGGINS (65023) site 23,45.7148046,-64.2988491,06/14/2026,04:59,NS,CA,area,2,3,Y,,124,Data submitted to USGS
208,Ovenbird,,,2.0,,BBS JOGGINS (65023) site 24,45.7143416,-64.3075327,06/14/2026,04:59,NS,CA,area,2,3,Y,,124,Data submitted to USGS
209,Black-and-white Warbler,,,1.0,,BBS JOGGINS (65023) site 22,45.7163812,-64.2871343,06/14/2026,04:59,NS,CA,area,2,3,Y,,124,Data submitted to USGS
210,Common Yellowthroat,,,1.0,,BBS JOGGINS (65023) site 23,45.7148046,-64.2988491,06/14/2026,04:59,NS,CA,area,2,3,Y,,124,Data submitted to USGS
211,Common Yellowthroat,,,1.0,,BBS JOGGINS (65023) site 25,45.7154687,-64.3168662,06/14/2026,04:59,NS,CA,area,2,3,Y,,124,Data submitted to USGS
212,American Redstart,,,2.0,,BBS JOGGINS (65023) site 22,45.7163812,-64.2871343,06/14/2026,04:59,NS,CA,area,2,3,Y,,124,Data submitted to USGS
213,Northern Parula,,,1.0,,BBS JOGGINS (65023) site 21,45.7166317,-64.2802193,06/14/2026,04:59,NS,CA,area,2,3,Y,,124,Data submitted to USGS
214,Northern Parula,,,1.0,,BBS JOGGINS (65023) site 22,45.7163812,-64.2871343,06/14/2026,04:59,NS,CA,area,2,3,Y,,124,Data submitted to USGS
215,Northern Parula,,,1.0,,BBS JOGGINS (65023) site 23,45.7148046,-64.2988491,06/14/2026,04:59,NS,CA,area,2,3,Y,,124,Data submitted to USGS
216,Northern Parula,,,1.0,,BBS JOGGINS (65023) site 25,45.7154687,-64.3168662,06/14/2026,04:59,NS,CA,area,2,3,Y,,124,Data submitted to USGS
217,Magnolia Warbler,,,1.0,,BBS JOGGINS (65023) site 24,45.7143416,-64.3075327,06/14/2026,04:59,NS,CA,area,2,3,Y,,124,Data submitted to USGS
218,Blackburnian Warbler,,,1.0,,BBS JOGGINS (65023) site 23,45.7148046,-64.2988491,06/14/2026,04:59,NS,CA,area,2,3,Y,,124,Data submitted to USGS
219,Blackburnian Warbler,,,1.0,,BBS JOGGINS (65023) site 24,45.7143416,-64.3075327,06/14/2026,04:59,NS,CA,area,2,3,Y,,124,Data submitted to USGS
220,Chestnut-sided Warbler,,,1.0,,BBS JOGGINS (65023) site 21,45.7166317,-64.2802193,06/14/2026,04:59,NS,CA,area,2,3,Y,,124,Data submitted to USGS
221,Chestnut-sided Warbler,,,1.0,,BBS JOGGINS (65023) site 23,45.7148046,-64.2988491,06/14/2026,04:59,NS,CA,area,2,3,Y,,124,Data submitted to USGS
222,Chestnut-sided Warbler,,,1.0,,BBS JOGGINS (65023) site 25,45.7154687,-64.3168662,06/14/2026,04:59,NS,CA,area,2,3,Y,,124,Data submitted to USGS
223,Black-throated Green Warbler,,,1.0,,BBS JOGGINS (65023) site 25,45.7154687,-64.3168662,06/14/2026,04:59,NS,CA,area,2,3,Y,,124,Data submitted to USGS
224,Hairy Woodpecker,,,1.0,,BBS JOGGINS (65023) site 23,45.7148046,-64.2988491,06/14/2026,04:59,NS,CA,area,2,3,Y,,124,Data submitted to USGS
225,Eastern Wood-Pewee,,,1.0,,BBS JOGGINS (65023) site 23,45.7148046,-64.2988491,06/14/2026,04:59,NS,CA,area,2,3,Y,,124,Data submitted to USGS
226,Black-throated Blue Warbler,,,1.0,,BBS JOGGINS (65023) site 23,45.7148046,-64.2988491,06/14/2026,04:59,NS,CA,area,2,3,Y,,124,Data submitted to USGS
227,Canada Goose,,,1.0,,BBS JOGGINS (65023) site 29,45.7162371,-64.358385,06/14/2026,04:59,NS,CA,area,2,3,Y,,124,Data submitted to USGS
228,Ring-necked Pheasant,,,1.0,,BBS JOGGINS (65023) site 30,45.7087764,-64.3582904,06/14/2026,04:59,NS,CA,area,2,3,Y,,124,Data submitted to USGS
229,Great Blue Heron,,,1.0,,BBS JOGGINS (65023) site 29,45.7162371,-64.358385,06/14/2026,04:59,NS,CA,area,2,3,Y,,124,Data submitted to USGS
230,Yellow-bellied Sapsucker,,,1.0,,BBS JOGGINS (65023) site 26,45.7164695,-64.3309124,06/14/2026,04:59,NS,CA,area,2,3,Y,,124,Data submitted to USGS
231,Pileated Woodpecker,,,1.0,,BBS JOGGINS (65023) site 27,45.717407,-64.3399548,06/14/2026,04:59,NS,CA,area,2,3,Y,,124,Data submitted to USGS
232,Pileated Woodpecker,,,1.0,,BBS JOGGINS (65023) site 29,45.7162371,-64.358385,06/14/2026,04:59,NS,CA,area,2,3,Y,,124,Data submitted to USGS
233,Alder Flycatcher,,,1.0,,BBS JOGGINS (65023) site 30,45.7087764,-64.3582904,06/14/2026,04:59,NS,CA,area,2,3,Y,,124,Data submitted to USGS
234,Red-eyed Vireo,,,1.0,,BBS JOGGINS (65023) site 28,45.7169644,-64.3501923,06/14/2026,04:59,NS,CA,area,2,3,Y,,124,Data submitted to USGS
235,Red-eyed Vireo,,,1.0,,BBS JOGGINS (65023) site 29,45.7162371,-64.358385,06/14/2026,04:59,NS,CA,area,2,3,Y,,124,Data submitted to USGS
236,Red-eyed Vireo,,,1.0,,BBS JOGGINS (65023) site 30,45.7087764,-64.3582904,06/14/2026,04:59,NS,CA,area,2,3,Y,,124,Data submitted to USGS
237,Blue Jay,,,1.0,,BBS JOGGINS (65023) site 28,45.7169644,-64.3501923,06/14/2026,04:59,NS,CA,area,2,3,Y,,124,Data submitted to USGS
238,American Crow,,,1.0,,BBS JOGGINS (65023) site 28,45.7169644,-64.3501923,06/14/2026,04:59,NS,CA,area,2,3,Y,,124,Data submitted to USGS
239,American Crow,,,40.0,,BBS JOGGINS (65023) site 29,45.7162371,-64.358385,06/14/2026,04:59,NS,CA,area,2,3,Y,,124,Data submitted to USGS
240,American Crow,,,10.0,,BBS JOGGINS (65023) site 30,45.7087764,-64.3582904,06/14/2026,04:59,NS,CA,area,2,3,Y,,124,Data submitted to USGS
241,Common Raven,,,2.0,,BBS JOGGINS (65023) site 26,45.7164695,-64.3309124,06/14/2026,04:59,NS,CA,area,2,3,Y,,124,Data submitted to USGS
242,Cedar Waxwing,,,1.0,,BBS JOGGINS (65023) site 26,45.7164695,-64.3309124,06/14/2026,04:59,NS,CA,area,2,3,Y,,124,Data submitted to USGS
243,Cedar Waxwing,,,2.0,,BBS JOGGINS (65023) site 30,45.7087764,-64.3582904,06/14/2026,04:59,NS,CA,area,2,3,Y,,124,Data submitted to USGS
244,American Robin,,,2.0,,BBS JOGGINS (65023) site 28,45.7169644,-64.3501923,06/14/2026,04:59,NS,CA,area,2,3,Y,,124,Data submitted to USGS
245,White-throated Sparrow,,,1.0,,BBS JOGGINS (65023) site 26,45.7164695,-64.3309124,06/14/2026,04:59,NS,CA,area,2,3,Y,,124,Data submitted to USGS
246,White-throated Sparrow,,,1.0,,BBS JOGGINS (65023) site 27,45.717407,-64.3399548,06/14/2026,04:59,NS,CA,area,2,3,Y,,124,Data submitted to USGS
247,White-throated Sparrow,,,1.0,,BBS JOGGINS (65023) site 28,45.7169644,-64.3501923,06/14/2026,04:59,NS,CA,area,2,3,Y,,124,Data submitted to USGS
248,Song Sparrow,,,2.0,,BBS JOGGINS (65023) site 29,45.7162371,-64.358385,06/14/2026,04:59,NS,CA,area,2,3,Y,,124,Data submitted to USGS
249,Song Sparrow,,,1.0,,BBS JOGGINS (65023) site 30,45.7087764,-64.3582904,06/14/2026,04:59,NS,CA,area,2,3,Y,,124,Data submitted to USGS
250,Red-winged Blackbird,,,1.0,,BBS JOGGINS (65023) site 30,45.7087764,-64.3582904,06/14/2026,04:59,NS,CA,area,2,3,Y,,124,Data submitted to USGS
251,Common Grackle,,,2.0,,BBS JOGGINS (65023) site 29,45.7162371,-64.358385,06/14/2026,04:59,NS,CA,area,2,3,Y,,124,Data submitted to USGS
252,Common Grackle,,,1.0,,BBS JOGGINS (65023) site 30,45.7087764,-64.3582904,06/14/2026,04:59,NS,CA,area,2,3,Y,,124,Data submitted to USGS
253,Ovenbird,,,1.0,,BBS JOGGINS (65023) site 26,45.7164695,-64.3309124,06/14/2026,04:59,NS,CA,area,2,3,Y,,124,Data submitted to USGS
254,Ovenbird,,,1.0,,BBS JOGGINS (65023) site 27,45.717407,-64.3399548,06/14/2026,04:59,NS,CA,area,2,3,Y,,124,Data submitted to USGS
255,Common Yellowthroat,,,1.0,,BBS JOGGINS (65023) site 26,45.7164695,-64.3309124,06/14/2026,04:59,NS,CA,area,2,3,Y,,124,Data submitted to USGS
256,Common Yellowthroat,,,1.0,,BBS JOGGINS (65023) site 27,45.717407,-64.3399548,06/14/2026,04:59,NS,CA,area,2,3,Y,,124,Data submitted to USGS
257,American Redstart,,,1.0,,BBS JOGGINS (65023) site 27,45.717407,-64.3399548,06/14/2026,04:59,NS,CA,area,2,3,Y,,124,Data submitted to USGS
258,American Redstart,,,1.0,,BBS JOGGINS (65023) site 29,45.7162371,-64.358385,06/14/2026,04:59,NS,CA,area,2,3,Y,,124,Data submitted to USGS
259,Northern Parula,,,1.0,,BBS JOGGINS (65023) site 26,45.7164695,-64.3309124,06/14/2026,04:59,NS,CA,area,2,3,Y,,124,Data submitted to USGS
260,Northern Parula,,,1.0,,BBS JOGGINS (65023) site 28,45.7169644,-64.3501923,06/14/2026,04:59,NS,CA,area,2,3,Y,,124,Data submitted to USGS
261,Northern Parula,,,1.0,,BBS JOGGINS (65023) site 29,45.7162371,-64.358385,06/14/2026,04:59,NS,CA,area,2,3,Y,,124,Data submitted to USGS
262,Northern Parula,,,1.0,,BBS JOGGINS (65023) site 30,45.7087764,-64.3582904,06/14/2026,04:59,NS,CA,area,2,3,Y,,124,Data submitted to USGS
263,Chestnut-sided Warbler,,,1.0,,BBS JOGGINS (65023) site 28,45.7169644,-64.3501923,06/14/2026,04:59,NS,CA,area,2,3,Y,,124,Data submitted to USGS
264,(Myrtle Warbler) Yellow-rumped Warbler,,,1.0,,BBS JOGGINS (65023) site 26,45.7164695,-64.3309124,06/14/2026,04:59,NS,CA,area,2,3,Y,,124,Data submitted to USGS
265,Black-throated Green Warbler,,,1.0,,BBS JOGGINS (65023) site 26,45.7164695,-64.3309124,06/14/2026,04:59,NS,CA,area,2,3,Y,,124,Data submitted to USGS
266,Gadwall,,,4.0,,BBS JOGGINS (65023) site 35,45.6980231,-64.3764606,06/14/2026,04:59,NS,CA,area,2,3,Y,,124,Data submitted to USGS
267,American Wigeon,,,10.0,,BBS JOGGINS (65023) site 35,45.6980231,-64.3764606,06/14/2026,04:59,NS,CA,area,2,3,Y,,124,Data submitted to USGS
268,Ring-necked Duck,,,1.0,,BBS JOGGINS (65023) site 35,45.6980231,-64.3764606,06/14/2026,04:59,NS,CA,area,2,3,Y,,124,Data submitted to USGS
269,Ring-necked Pheasant,,,1.0,,BBS JOGGINS (65023) site 34,45.6926302,-64.3779159,06/14/2026,04:59,NS,CA,area,2,3,Y,,124,Data submitted to USGS
270,Ring-necked Pheasant,,,1.0,,BBS JOGGINS (65023) site 35,45.6980231,-64.3764606,06/14/2026,04:59,NS,CA,area,2,3,Y,,124,Data submitted to USGS
271,Mourning Dove,,,1.0,,BBS JOGGINS (65023) site 33,45.6905415,-64.372012,06/14/2026,04:59,NS,CA,area,2,3,Y,,124,Data submitted to USGS
272,Mourning Dove,,,1.0,,BBS JOGGINS (65023) site 34,45.6926302,-64.3779159,06/14/2026,04:59,NS,CA,area,2,3,Y,,124,Data submitted to USGS
273,Rock Pigeon,,,1.0,,BBS JOGGINS (65023) site 32,45.6945402,-64.3644471,06/14/2026,04:59,NS,CA,area,2,3,Y,,124,Data submitted to USGS
274,Rock Pigeon,,,3.0,,BBS JOGGINS (65023) site 33,45.6905415,-64.372012,06/14/2026,04:59,NS,CA,area,2,3,Y,,124,Data submitted to USGS
275,Sora,,,2.0,,BBS JOGGINS (65023) site 35,45.6980231,-64.3764606,06/14/2026,04:59,NS,CA,area,2,3,Y,,124,Data submitted to USGS
276,American Herring Gull,,,1.0,,BBS JOGGINS (65023) site 34,45.6926302,-64.3779159,06/14/2026,04:59,NS,CA,area,2,3,Y,,124,Data submitted to USGS
277,Great Blue Heron,,,2.0,,BBS JOGGINS (65023) site 34,45.6926302,-64.3779159,06/14/2026,04:59,NS,CA,area,2,3,Y,,124,Data submitted to USGS
278,Bald Eagle,,,2.0,,BBS JOGGINS (65023) site 33,45.6905415,-64.372012,06/14/2026,04:59,NS,CA,area,2,3,Y,,124,Data submitted to USGS
279,Least Flycatcher,,,1.0,,BBS JOGGINS (65023) site 35,45.6980231,-64.3764606,06/14/2026,04:59,NS,CA,area,2,3,Y,,124,Data submitted to USGS
280,Blue Jay,,,1.0,,BBS JOGGINS (65023) site 34,45.6926302,-64.3779159,06/14/2026,04:59,NS,CA,area,2,3,Y,,124,Data submitted to USGS
281,American Crow,,,3.0,,BBS JOGGINS (65023) site 31,45.7014748,-64.3592071,06/14/2026,04:59,NS,CA,area,2,3,Y,,124,Data submitted to USGS
282,American Crow,,,2.0,,BBS JOGGINS (65023) site 32,45.6945402,-64.3644471,06/14/2026,04:59,NS,CA,area,2,3,Y,,124,Data submitted to USGS
283,American Crow,,,2.0,,BBS JOGGINS (65023) site 33,45.6905415,-64.372012,06/14/2026,04:59,NS,CA,area,2,3,Y,,124,Data submitted to USGS
284,American Crow,,,1.0,,BBS JOGGINS (65023) site 34,45.6926302,-64.3779159,06/14/2026,04:59,NS,CA,area,2,3,Y,,124,Data submitted to USGS
285,American Crow,,,1.0,,BBS JOGGINS (65023) site 35,45.6980231,-64.3764606,06/14/2026,04:59,NS,CA,area,2,3,Y,,124,Data submitted to USGS
286,Common Raven,,,2.0,,BBS JOGGINS (65023) site 32,45.6945402,-64.3644471,06/14/2026,04:59,NS,CA,area,2,3,Y,,124,Data submitted to USGS
287,Common Raven,,,1.0,,BBS JOGGINS (65023) site 35,45.6980231,-64.3764606,06/14/2026,04:59,NS,CA,area,2,3,Y,,124,Data submitted to USGS
288,Tree Swallow,,,2.0,,BBS JOGGINS (65023) site 32,45.6945402,-64.3644471,06/14/2026,04:59,NS,CA,area,2,3,Y,,124,Data submitted to USGS
289,Tree Swallow,,,3.0,,BBS JOGGINS (65023) site 33,45.6905415,-64.372012,06/14/2026,04:59,NS,CA,area,2,3,Y,,124,Data submitted to USGS
290,Tree Swallow,,,1.0,,BBS JOGGINS (65023) site 35,45.6980231,-64.3764606,06/14/2026,04:59,NS,CA,area,2,3,Y,,124,Data submitted to USGS
291,Cedar Waxwing,,,2.0,,BBS JOGGINS (65023) site 31,45.7014748,-64.3592071,06/14/2026,04:59,NS,CA,area,2,3,Y,,124,Data submitted to USGS
292,European Starling,,,12.0,,BBS JOGGINS (65023) site 31,45.7014748,-64.3592071,06/14/2026,04:59,NS,CA,area,2,3,Y,,124,Data submitted to USGS
293,European Starling,,,6.0,,BBS JOGGINS (65023) site 32,45.6945402,-64.3644471,06/14/2026,04:59,NS,CA,area,2,3,Y,,124,Data submitted to USGS
294,European Starling,,,4.0,,BBS JOGGINS (65023) site 34,45.6926302,-64.3779159,06/14/2026,04:59,NS,CA,area,2,3,Y,,124,Data submitted to USGS
295,American Robin,,,1.0,,BBS JOGGINS (65023) site 31,45.7014748,-64.3592071,06/14/2026,04:59,NS,CA,area,2,3,Y,,124,Data submitted to USGS
296,American Robin,,,1.0,,BBS JOGGINS (65023) site 32,45.6945402,-64.3644471,06/14/2026,04:59,NS,CA,area,2,3,Y,,124,Data submitted to USGS
297,American Robin,,,1.0,,BBS JOGGINS (65023) site 33,45.6905415,-64.372012,06/14/2026,04:59,NS,CA,area,2,3,Y,,124,Data submitted to USGS
298,American Goldfinch,,,12.0,,BBS JOGGINS (65023) site 31,45.7014748,-64.3592071,06/14/2026,04:59,NS,CA,area,2,3,Y,,124,Data submitted to USGS
299,American Goldfinch,,,2.0,,BBS JOGGINS (65023) site 34,45.6926302,-64.3779159,06/14/2026,04:59,NS,CA,area,2,3,Y,,124,Data submitted to USGS
300,Song Sparrow,,,1.0,,BBS JOGGINS (65023) site 31,45.7014748,-64.3592071,06/14/2026,04:59,NS,CA,area,2,3,Y,,124,Data submitted to USGS
301,Song Sparrow,,,1.0,,BBS JOGGINS (65023) site 32,45.6945402,-64.3644471,06/14/2026,04:59,NS,CA,area,2,3,Y,,124,Data submitted to USGS
302,Swamp Sparrow,,,1.0,,BBS JOGGINS (65023) site 34,45.6926302,-64.3779159,06/14/2026,04:59,NS,CA,area,2,3,Y,,124,Data submitted to USGS
303,Swamp Sparrow,,,1.0,,BBS JOGGINS (65023) site 35,45.6980231,-64.3764606,06/14/2026,04:59,NS,CA,area,2,3,Y,,124,Data submitted to USGS
304,Red-winged Blackbird,,,1.0,,BBS JOGGINS (65023) site 33,45.6905415,-64.372012,06/14/2026,04:59,NS,CA,area,2,3,Y,,124,Data submitted to USGS
305,Red-winged Blackbird,,,10.0,,BBS JOGGINS (65023) site 35,45.6980231,-64.3764606,06/14/2026,04:59,NS,CA,area,2,3,Y,,124,Data submitted to USGS
306,Common Grackle,,,1.0,,BBS JOGGINS (65023) site 32,45.6945402,-64.3644471,06/14/2026,04:59,NS,CA,area,2,3,Y,,124,Data submitted to USGS
307,Common Grackle,,,1.0,,BBS JOGGINS (65023) site 33,45.6905415,-64.372012,06/14/2026,04:59,NS,CA,area,2,3,Y,,124,Data submitted to USGS
308,Common Yellowthroat,,,1.0,,BBS JOGGINS (65023) site 32,45.6945402,-64.3644471,06/14/2026,04:59,NS,CA,area,2,3,Y,,124,Data submitted to USGS
309,Common Yellowthroat,,,1.0,,BBS JOGGINS (65023) site 33,45.6905415,-64.372012,06/14/2026,04:59,NS,CA,area,2,3,Y,,124,Data submitted to USGS
310,Common Yellowthroat,,,2.0,,BBS JOGGINS (65023) site 34,45.6926302,-64.3779159,06/14/2026,04:59,NS,CA,area,2,3,Y,,124,Data submitted to USGS
311,American Redstart,,,1.0,,BBS JOGGINS (65023) site 32,45.6945402,-64.3644471,06/14/2026,04:59,NS,CA,area,2,3,Y,,124,Data submitted to USGS
312,American Redstart,,,1.0,,BBS JOGGINS (65023) site 33,45.6905415,-64.372012,06/14/2026,04:59,NS,CA,area,2,3,Y,,124,Data submitted to USGS
313,Northern Parula,,,1.0,,BBS JOGGINS (65023) site 35,45.6980231,-64.3764606,06/14/2026,04:59,NS,CA,area,2,3,Y,,124,Data submitted to USGS
314,Yellow Warbler,,,1.0,,BBS JOGGINS (65023) site 35,45.6980231,-64.3764606,06/14/2026,04:59,NS,CA,area,2,3,Y,,124,Data submitted to USGS
315,Chestnut-sided Warbler,,,1.0,,BBS JOGGINS (65023) site 31,45.7014748,-64.3592071,06/14/2026,04:59,NS,CA,area,2,3,Y,,124,Data submitted to USGS
316,Northern Shoveler,,,1.0,,BBS JOGGINS (65023) site 35,45.6980231,-64.3764606,06/14/2026,04:59,NS,CA,area,2,3,Y,,124,Data submitted to USGS
317,Northern Cardinal,,,1.0,,BBS JOGGINS (65023) site 34,45.6926302,-64.3779159,06/14/2026,04:59,NS,CA,area,2,3,Y,,124,Data submitted to USGS
318,Ring-necked Pheasant,,,1.0,,BBS JOGGINS (65023) site 36,45.7010445,-64.3835236,06/14/2026,04:59,NS,CA,area,2,3,Y,,124,Data submitted to USGS
319,Mourning Dove,,,1.0,,BBS JOGGINS (65023) site 36,45.7010445,-64.3835236,06/14/2026,04:59,NS,CA,area,2,3,Y,,124,Data submitted to USGS
320,Rock Pigeon,,,1.0,,BBS JOGGINS (65023) site 36,45.7010445,-64.3835236,06/14/2026,04:59,NS,CA,area,2,3,Y,,124,Data submitted to USGS
321,Rock Pigeon,,,1.0,,BBS JOGGINS (65023) site 38,45.6913175,-64.3916241,06/14/2026,04:59,NS,CA,area,2,3,Y,,124,Data submitted to USGS
322,Ruby-throated Hummingbird,,,1.0,,BBS JOGGINS (65023) site 38,45.6913175,-64.3916241,06/14/2026,04:59,NS,CA,area,2,3,Y,,124,Data submitted to USGS
323,Downy Woodpecker,,,1.0,,BBS JOGGINS (65023) site 40,45.6908066,-64.4113898,06/14/2026,04:59,NS,CA,area,2,3,Y,,124,Data submitted to USGS
324,Alder Flycatcher,,,2.0,,BBS JOGGINS (65023) site 36,45.7010445,-64.3835236,06/14/2026,04:59,NS,CA,area,2,3,Y,,124,Data submitted to USGS
325,Alder Flycatcher,,,1.0,,BBS JOGGINS (65023) site 38,45.6913175,-64.3916241,06/14/2026,04:59,NS,CA,area,2,3,Y,,124,Data submitted to USGS
326,Red-eyed Vireo,,,1.0,,BBS JOGGINS (65023) site 39,45.6907773,-64.4023902,06/14/2026,04:59,NS,CA,area,2,3,Y,,124,Data submitted to USGS
327,Blue Jay,,,1.0,,BBS JOGGINS (65023) site 36,45.7010445,-64.3835236,06/14/2026,04:59,NS,CA,area,2,3,Y,,124,Data submitted to USGS
328,Blue Jay,,,4.0,,BBS JOGGINS (65023) site 37,45.6939203,-64.3851881,06/14/2026,04:59,NS,CA,area,2,3,Y,,124,Data submitted to USGS
329,American Crow,,,1.0,,BBS JOGGINS (65023) site 37,45.6939203,-64.3851881,06/14/2026,04:59,NS,CA,area,2,3,Y,,124,Data submitted to USGS
330,American Crow,,,2.0,,BBS JOGGINS (65023) site 38,45.6913175,-64.3916241,06/14/2026,04:59,NS,CA,area,2,3,Y,,124,Data submitted to USGS
331,American Crow,,,1.0,,BBS JOGGINS (65023) site 39,45.6907773,-64.4023902,06/14/2026,04:59,NS,CA,area,2,3,Y,,124,Data submitted to USGS
332,Common Raven,,,1.0,,BBS JOGGINS (65023) site 36,45.7010445,-64.3835236,06/14/2026,04:59,NS,CA,area,2,3,Y,,124,Data submitted to USGS
333,Black-capped Chickadee,,,1.0,,BBS JOGGINS (65023) site 36,45.7010445,-64.3835236,06/14/2026,04:59,NS,CA,area,2,3,Y,,124,Data submitted to USGS
334,Black-capped Chickadee,,,1.0,,BBS JOGGINS (65023) site 39,45.6907773,-64.4023902,06/14/2026,04:59,NS,CA,area,2,3,Y,,124,Data submitted to USGS
335,Black-capped Chickadee,,,3.0,,BBS JOGGINS (65023) site 40,45.6908066,-64.4113898,06/14/2026,04:59,NS,CA,area,2,3,Y,,124,Data submitted to USGS
336,Tree Swallow,,,1.0,,BBS JOGGINS (65023) site 38,45.6913175,-64.3916241,06/14/2026,04:59,NS,CA,area,2,3,Y,,124,Data submitted to USGS
337,Cedar Waxwing,,,10.0,,BBS JOGGINS (65023) site 39,45.6907773,-64.4023902,06/14/2026,04:59,NS,CA,area,2,3,Y,,124,Data submitted to USGS
338,European Starling,,,1.0,,BBS JOGGINS (65023) site 37,45.6939203,-64.3851881,06/14/2026,04:59,NS,CA,area,2,3,Y,,124,Data submitted to USGS
339,European Starling,,,3.0,,BBS JOGGINS (65023) site 38,45.6913175,-64.3916241,06/14/2026,04:59,NS,CA,area,2,3,Y,,124,Data submitted to USGS
340,Swainson's Thrush,,,1.0,,BBS JOGGINS (65023) site 40,45.6908066,-64.4113898,06/14/2026,04:59,NS,CA,area,2,3,Y,,124,Data submitted to USGS
341,American Robin,,,1.0,,BBS JOGGINS (65023) site 37,45.6939203,-64.3851881,06/14/2026,04:59,NS,CA,area,2,3,Y,,124,Data submitted to USGS
342,American Robin,,,1.0,,BBS JOGGINS (65023) site 40,45.6908066,-64.4113898,06/14/2026,04:59,NS,CA,area,2,3,Y,,124,Data submitted to USGS
343,Purple Finch,,,1.0,,BBS JOGGINS (65023) site 39,45.6907773,-64.4023902,06/14/2026,04:59,NS,CA,area,2,3,Y,,124,Data submitted to USGS
344,American Goldfinch,,,1.0,,BBS JOGGINS (65023) site 36,45.7010445,-64.3835236,06/14/2026,04:59,NS,CA,area,2,3,Y,,124,Data submitted to USGS
345,American Goldfinch,,,2.0,,BBS JOGGINS (65023) site 37,45.6939203,-64.3851881,06/14/2026,04:59,NS,CA,area,2,3,Y,,124,Data submitted to USGS
346,American Goldfinch,,,1.0,,BBS JOGGINS (65023) site 38,45.6913175,-64.3916241,06/14/2026,04:59,NS,CA,area,2,3,Y,,124,Data submitted to USGS
347,American Goldfinch,,,1.0,,BBS JOGGINS (65023) site 40,45.6908066,-64.4113898,06/14/2026,04:59,NS,CA,area,2,3,Y,,124,Data submitted to USGS
348,White-throated Sparrow,,,1.0,,BBS JOGGINS (65023) site 39,45.6907773,-64.4023902,06/14/2026,04:59,NS,CA,area,2,3,Y,,124,Data submitted to USGS
349,Song Sparrow,,,1.0,,BBS JOGGINS (65023) site 36,45.7010445,-64.3835236,06/14/2026,04:59,NS,CA,area,2,3,Y,,124,Data submitted to USGS
350,Song Sparrow,,,1.0,,BBS JOGGINS (65023) site 37,45.6939203,-64.3851881,06/14/2026,04:59,NS,CA,area,2,3,Y,,124,Data submitted to USGS
351,Song Sparrow,,,1.0,,BBS JOGGINS (65023) site 38,45.6913175,-64.3916241,06/14/2026,04:59,NS,CA,area,2,3,Y,,124,Data submitted to USGS
352,Common Grackle,,,1.0,,BBS JOGGINS (65023) site 36,45.7010445,-64.3835236,06/14/2026,04:59,NS,CA,area,2,3,Y,,124,Data submitted to USGS
353,Ovenbird,,,1.0,,BBS JOGGINS (65023) site 36,45.7010445,-64.3835236,06/14/2026,04:59,NS,CA,area,2,3,Y,,124,Data submitted to USGS
354,Ovenbird,,,1.0,,BBS JOGGINS (65023) site 38,45.6913175,-64.3916241,06/14/2026,04:59,NS,CA,area,2,3,Y,,124,Data submitted to USGS
355,Ovenbird,,,1.0,,BBS JOGGINS (65023) site 39,45.6907773,-64.4023902,06/14/2026,04:59,NS,CA,area,2,3,Y,,124,Data submitted to USGS
356,Black-and-white Warbler,,,1.0,,BBS JOGGINS (65023) site 39,45.6907773,-64.4023902,06/14/2026,04:59,NS,CA,area,2,3,Y,,124,Data submitted to USGS
357,Common Yellowthroat,,,1.0,,BBS JOGGINS (65023) site 38,45.6913175,-64.3916241,06/14/2026,04:59,NS,CA,area,2,3,Y,,124,Data submitted to USGS
358,Northern Parula,,,1.0,,BBS JOGGINS (65023) site 36,45.7010445,-64.3835236,06/14/2026,04:59,NS,CA,area,2,3,Y,,124,Data submitted to USGS
359,Northern Parula,,,1.0,,BBS JOGGINS (65023) site 39,45.6907773,-64.4023902,06/14/2026,04:59,NS,CA,area,2,3,Y,,124,Data submitted to USGS
360,Northern Parula,,,1.0,,BBS JOGGINS (65023) site 40,45.6908066,-64.4113898,06/14/2026,04:59,NS,CA,area,2,3,Y,,124,Data submitted to USGS
361,Yellow Warbler,,,1.0,,BBS JOGGINS (65023) site 38,45.6913175,-64.3916241,06/14/2026,04:59,NS,CA,area,2,3,Y,,124,Data submitted to USGS
362,Chestnut-sided Warbler,,,2.0,,BBS JOGGINS (65023) site 37,45.6939203,-64.3851881,06/14/2026,04:59,NS,CA,area,2,3,Y,,124,Data submitted to USGS
363,Chestnut-sided Warbler,,,2.0,,BBS JOGGINS (65023) site 38,45.6913175,-64.3916241,06/14/2026,04:59,NS,CA,area,2,3,Y,,124,Data submitted to USGS
364,(Myrtle Warbler) Yellow-rumped Warbler,,,1.0,,BBS JOGGINS (65023) site 39,45.6907773,-64.4023902,06/14/2026,04:59,NS,CA,area,2,3,Y,,124,Data submitted to USGS
365,White-breasted Nuthatch,,,1.0,,BBS JOGGINS (65023) site 38,45.6913175,-64.3916241,06/14/2026,04:59,NS,CA,area,2,3,Y,,124,Data submitted to USGS
366,Mourning Dove,,,1.0,,BBS JOGGINS (65023) site 42,45.6849419,-64.4295057,06/14/2026,04:59,NS,CA,area,2,3,Y,,124,Data submitted to USGS
367,Mourning Dove,,,1.0,,BBS JOGGINS (65023) site 44,45.69171,-64.4444697,06/14/2026,04:59,NS,CA,area,2,3,Y,,124,Data submitted to USGS
368,Ruby-throated Hummingbird,,,1.0,,BBS JOGGINS (65023) site 43,45.6868935,-64.4357165,06/14/2026,04:59,NS,CA,area,2,3,Y,,124,Data submitted to USGS
369,Ruby-throated Hummingbird,,,1.0,,BBS JOGGINS (65023) site 45,45.6866453,-64.4509045,06/14/2026,04:59,NS,CA,area,2,3,Y,,124,Data submitted to USGS
370,Downy Woodpecker,,,1.0,,BBS JOGGINS (65023) site 42,45.6849419,-64.4295057,06/14/2026,04:59,NS,CA,area,2,3,Y,,124,Data submitted to USGS
371,Alder Flycatcher,,,2.0,,BBS JOGGINS (65023) site 45,45.6866453,-64.4509045,06/14/2026,04:59,NS,CA,area,2,3,Y,,124,Data submitted to USGS
372,Blue-headed Vireo,,,1.0,,BBS JOGGINS (65023) site 41,45.6890304,-64.4224339,06/14/2026,04:59,NS,CA,area,2,3,Y,,124,Data submitted to USGS
373,Blue Jay,,,1.0,,BBS JOGGINS (65023) site 41,45.6890304,-64.4224339,06/14/2026,04:59,NS,CA,area,2,3,Y,,124,Data submitted to USGS
374,Blue Jay,,,1.0,,BBS JOGGINS (65023) site 42,45.6849419,-64.4295057,06/14/2026,04:59,NS,CA,area,2,3,Y,,124,Data submitted to USGS
375,Blue Jay,,,1.0,,BBS JOGGINS (65023) site 45,45.6866453,-64.4509045,06/14/2026,04:59,NS,CA,area,2,3,Y,,124,Data submitted to USGS
376,American Crow,,,1.0,,BBS JOGGINS (65023) site 43,45.6868935,-64.4357165,06/14/2026,04:59,NS,CA,area,2,3,Y,,124,Data submitted to USGS
377,American Crow,,,2.0,,BBS JOGGINS (65023) site 44,45.69171,-64.4444697,06/14/2026,04:59,NS,CA,area,2,3,Y,,124,Data submitted to USGS
378,American Crow,,,2.0,,BBS JOGGINS (65023) site 45,45.6866453,-64.4509045,06/14/2026,04:59,NS,CA,area,2,3,Y,,124,Data submitted to USGS
379,Black-capped Chickadee,,,1.0,,BBS JOGGINS (65023) site 42,45.6849419,-64.4295057,06/14/2026,04:59,NS,CA,area,2,3,Y,,124,Data submitted to USGS
380,Tree Swallow,,,2.0,,BBS JOGGINS (65023) site 42,45.6849419,-64.4295057,06/14/2026,04:59,NS,CA,area,2,3,Y,,124,Data submitted to USGS
381,Cedar Waxwing,,,3.0,,BBS JOGGINS (65023) site 44,45.69171,-64.4444697,06/14/2026,04:59,NS,CA,area,2,3,Y,,124,Data submitted to USGS
382,European Starling,,,1.0,,BBS JOGGINS (65023) site 42,45.6849419,-64.4295057,06/14/2026,04:59,NS,CA,area,2,3,Y,,124,Data submitted to USGS
383,European Starling,,,3.0,,BBS JOGGINS (65023) site 44,45.69171,-64.4444697,06/14/2026,04:59,NS,CA,area,2,3,Y,,124,Data submitted to USGS
384,American Robin,,,1.0,,BBS JOGGINS (65023) site 42,45.6849419,-64.4295057,06/14/2026,04:59,NS,CA,area,2,3,Y,,124,Data submitted to USGS
385,American Robin,,,1.0,,BBS JOGGINS (65023) site 45,45.6866453,-64.4509045,06/14/2026,04:59,NS,CA,area,2,3,Y,,124,Data submitted to USGS
386,American Goldfinch,,,1.0,,BBS JOGGINS (65023) site 43,45.6868935,-64.4357165,06/14/2026,04:59,NS,CA,area,2,3,Y,,124,Data submitted to USGS
387,American Goldfinch,,,3.0,,BBS JOGGINS (65023) site 44,45.69171,-64.4444697,06/14/2026,04:59,NS,CA,area,2,3,Y,,124,Data submitted to USGS
388,Chipping Sparrow,,,1.0,,BBS JOGGINS (65023) site 44,45.69171,-64.4444697,06/14/2026,04:59,NS,CA,area,2,3,Y,,124,Data submitted to USGS
389,White-throated Sparrow,,,1.0,,BBS JOGGINS (65023) site 45,45.6866453,-64.4509045,06/14/2026,04:59,NS,CA,area,2,3,Y,,124,Data submitted to USGS
390,Song Sparrow,,,1.0,,BBS JOGGINS (65023) site 43,45.6868935,-64.4357165,06/14/2026,04:59,NS,CA,area,2,3,Y,,124,Data submitted to USGS
391,Song Sparrow,,,1.0,,BBS JOGGINS (65023) site 44,45.69171,-64.4444697,06/14/2026,04:59,NS,CA,area,2,3,Y,,124,Data submitted to USGS
392,Song Sparrow,,,1.0,,BBS JOGGINS (65023) site 45,45.6866453,-64.4509045,06/14/2026,04:59,NS,CA,area,2,3,Y,,124,Data submitted to USGS
393,Ovenbird,,,2.0,,BBS JOGGINS (65023) site 41,45.6890304,-64.4224339,06/14/2026,04:59,NS,CA,area,2,3,Y,,124,Data submitted to USGS
394,Ovenbird,,,1.0,,BBS JOGGINS (65023) site 42,45.6849419,-64.4295057,06/14/2026,04:59,NS,CA,area,2,3,Y,,124,Data submitted to USGS
395,Black-and-white Warbler,,,1.0,,BBS JOGGINS (65023) site 42,45.6849419,-64.4295057,06/14/2026,04:59,NS,CA,area,2,3,Y,,124,Data submitted to USGS
396,Black-and-white Warbler,,,1.0,,BBS JOGGINS (65023) site 43,45.6868935,-64.4357165,06/14/2026,04:59,NS,CA,area,2,3,Y,,124,Data submitted to USGS
397,Nashville Warbler,,,1.0,,BBS JOGGINS (65023) site 41,45.6890304,-64.4224339,06/14/2026,04:59,NS,CA,area,2,3,Y,,124,Data submitted to USGS
398,Common Yellowthroat,,,1.0,,BBS JOGGINS (65023) site 44,45.69171,-64.4444697,06/14/2026,04:59,NS,CA,area,2,3,Y,,124,Data submitted to USGS
399,Common Yellowthroat,,,1.0,,BBS JOGGINS (65023) site 45,45.6866453,-64.4509045,06/14/2026,04:59,NS,CA,area,2,3,Y,,124,Data submitted to USGS
400,Northern Parula,,,1.0,,BBS JOGGINS (65023) site 43,45.6868935,-64.4357165,06/14/2026,04:59,NS,CA,area,2,3,Y,,124,Data submitted to USGS
401,Northern Parula,,,1.0,,BBS JOGGINS (65023) site 45,45.6866453,-64.4509045,06/14/2026,04:59,NS,CA,area,2,3,Y,,124,Data submitted to USGS
402,Yellow Warbler,,,1.0,,BBS JOGGINS (65023) site 44,45.69171,-64.4444697,06/14/2026,04:59,NS,CA,area,2,3,Y,,124,Data submitted to USGS
403,Chestnut-sided Warbler,,,1.0,,BBS JOGGINS (65023) site 43,45.6868935,-64.4357165,06/14/2026,04:59,NS,CA,area,2,3,Y,,124,Data submitted to USGS
404,Chestnut-sided Warbler,,,2.0,,BBS JOGGINS (65023) site 45,45.6866453,-64.4509045,06/14/2026,04:59,NS,CA,area,2,3,Y,,124,Data submitted to USGS
405,White-breasted Nuthatch,,,1.0,,BBS JOGGINS (65023) site 42,45.6849419,-64.4295057,06/14/2026,04:59,NS,CA,area,2,3,Y,,124,Data submitted to USGS
406,Mourning Dove,,,1.0,,BBS JOGGINS (65023) site 47,45.6781133,-64.46395,06/14/2026,04:59,NS,CA,area,2,3,Y,,124,Data submitted to USGS
407,(Yellow-shafted Flicker) Northern Flicker,,,1.0,,BBS JOGGINS (65023) site 48,45.6730692,-64.4691839,06/14/2026,04:59,NS,CA,area,2,3,Y,,124,Data submitted to USGS
408,Blue-headed Vireo,,,1.0,,BBS JOGGINS (65023) site 46,45.6802012,-64.4543188,06/14/2026,04:59,NS,CA,area,2,3,Y,,124,Data submitted to USGS
409,Blue Jay,,,1.0,,BBS JOGGINS (65023) site 47,45.6781133,-64.46395,06/14/2026,04:59,NS,CA,area,2,3,Y,,124,Data submitted to USGS
410,Blue Jay,,,2.0,,BBS JOGGINS (65023) site 48,45.6730692,-64.4691839,06/14/2026,04:59,NS,CA,area,2,3,Y,,124,Data submitted to USGS
411,Blue Jay,,,1.0,,BBS JOGGINS (65023) site 49,45.6721102,-64.4811867,06/14/2026,04:59,NS,CA,area,2,3,Y,,124,Data submitted to USGS
412,Blue Jay,,,1.0,,BBS JOGGINS (65023) site 50,45.6665295,-64.4834353,06/14/2026,04:59,NS,CA,area,2,3,Y,,124,Data submitted to USGS
413,American Crow,,,5.0,,BBS JOGGINS (65023) site 46,45.6802012,-64.4543188,06/14/2026,04:59,NS,CA,area,2,3,Y,,124,Data submitted to USGS
414,American Crow,,,1.0,,BBS JOGGINS (65023) site 47,45.6781133,-64.46395,06/14/2026,04:59,NS,CA,area,2,3,Y,,124,Data submitted to USGS
415,Common Raven,,,2.0,,BBS JOGGINS (65023) site 48,45.6730692,-64.4691839,06/14/2026,04:59,NS,CA,area,2,3,Y,,124,Data submitted to USGS
416,Common Raven,,,1.0,,BBS JOGGINS (65023) site 49,45.6721102,-64.4811867,06/14/2026,04:59,NS,CA,area,2,3,Y,,124,Data submitted to USGS
417,Common Raven,,,2.0,,BBS JOGGINS (65023) site 50,45.6665295,-64.4834353,06/14/2026,04:59,NS,CA,area,2,3,Y,,124,Data submitted to USGS
418,European Starling,,,2.0,,BBS JOGGINS (65023) site 47,45.6781133,-64.46395,06/14/2026,04:59,NS,CA,area,2,3,Y,,124,Data submitted to USGS
419,Swainson's Thrush,,,1.0,,BBS JOGGINS (65023) site 46,45.6802012,-64.4543188,06/14/2026,04:59,NS,CA,area,2,3,Y,,124,Data submitted to USGS
420,Hermit Thrush,,,2.0,,BBS JOGGINS (65023) site 50,45.6665295,-64.4834353,06/14/2026,04:59,NS,CA,area,2,3,Y,,124,Data submitted to USGS
421,American Robin,,,1.0,,BBS JOGGINS (65023) site 47,45.6781133,-64.46395,06/14/2026,04:59,NS,CA,area,2,3,Y,,124,Data submitted to USGS
422,American Robin,,,1.0,,BBS JOGGINS (65023) site 48,45.6730692,-64.4691839,06/14/2026,04:59,NS,CA,area,2,3,Y,,124,Data submitted to USGS
423,American Robin,,,2.0,,BBS JOGGINS (65023) site 50,45.6665295,-64.4834353,06/14/2026,04:59,NS,CA,area,2,3,Y,,124,Data submitted to USGS
424,American Goldfinch,,,1.0,,BBS JOGGINS (65023) site 47,45.6781133,-64.46395,06/14/2026,04:59,NS,CA,area,2,3,Y,,124,Data submitted to USGS
425,White-throated Sparrow,,,1.0,,BBS JOGGINS (65023) site 46,45.6802012,-64.4543188,06/14/2026,04:59,NS,CA,area,2,3,Y,,124,Data submitted to USGS
426,White-throated Sparrow,,,1.0,,BBS JOGGINS (65023) site 49,45.6721102,-64.4811867,06/14/2026,04:59,NS,CA,area,2,3,Y,,124,Data submitted to USGS
427,Song Sparrow,,,1.0,,BBS JOGGINS (65023) site 47,45.6781133,-64.46395,06/14/2026,04:59,NS,CA,area,2,3,Y,,124,Data submitted to USGS
428,Ovenbird,,,1.0,,BBS JOGGINS (65023) site 46,45.6802012,-64.4543188,06/14/2026,04:59,NS,CA,area,2,3,Y,,124,Data submitted to USGS
429,Ovenbird,,,1.0,,BBS JOGGINS (65023) site 47,45.6781133,-64.46395,06/14/2026,04:59,NS,CA,area,2,3,Y,,124,Data submitted to USGS
430,Ovenbird,,,1.0,,BBS JOGGINS (65023) site 48,45.6730692,-64.4691839,06/14/2026,04:59,NS,CA,area,2,3,Y,,124,Data submitted to USGS
431,Ovenbird,,,1.0,,BBS JOGGINS (65023) site 50,45.6665295,-64.4834353,06/14/2026,04:59,NS,CA,area,2,3,Y,,124,Data submitted to USGS
432,Black-and-white Warbler,,,1.0,,BBS JOGGINS (65023) site 48,45.6730692,-64.4691839,06/14/2026,04:59,NS,CA,area,2,3,Y,,124,Data submitted to USGS
433,Common Yellowthroat,,,1.0,,BBS JOGGINS (65023) site 47,45.6781133,-64.46395,06/14/2026,04:59,NS,CA,area,2,3,Y,,124,Data submitted to USGS
434,Common Yellowthroat,,,1.0,,BBS JOGGINS (65023) site 48,45.6730692,-64.4691839,06/14/2026,04:59,NS,CA,area,2,3,Y,,124,Data submitted to USGS
435,Common Yellowthroat,,,2.0,,BBS JOGGINS (65023) site 49,45.6721102,-64.4811867,06/14/2026,04:59,NS,CA,area,2,3,Y,,124,Data submitted to USGS
436,American Redstart,,,1.0,,BBS JOGGINS (65023) site 48,45.6730692,-64.4691839,06/14/2026,04:59,NS,CA,area,2,3,Y,,124,Data submitted to USGS
437,American Redstart,,,1.0,,BBS JOGGINS (65023) site 49,45.6721102,-64.4811867,06/14/2026,04:59,NS,CA,area,2,3,Y,,124,Data submitted to USGS
438,Northern Parula,,,2.0,,BBS JOGGINS (65023) site 46,45.6802012,-64.4543188,06/14/2026,04:59,NS,CA,area,2,3,Y,,124,Data submitted to USGS
439,Northern Parula,,,1.0,,BBS JOGGINS (65023) site 50,45.6665295,-64.4834353,06/14/2026,04:59,NS,CA,area,2,3,Y,,124,Data submitted to USGS
440,Magnolia Warbler,,,1.0,,BBS JOGGINS (65023) site 49,45.6721102,-64.4811867,06/14/2026,04:59,NS,CA,area,2,3,Y,,124,Data submitted to USGS
441,Blackburnian Warbler,,,1.0,,BBS JOGGINS (65023) site 49,45.6721102,-64.4811867,06/14/2026,04:59,NS,CA,area,2,3,Y,,124,Data submitted to USGS
442,Blackburnian Warbler,,,1.0,,BBS JOGGINS (65023) site 50,45.6665295,-64.4834353,06/14/2026,04:59,NS,CA,area,2,3,Y,,124,Data submitted to USGS
443,Chestnut-sided Warbler,,,1.0,,BBS JOGGINS (65023) site 46,45.6802012,-64.4543188,06/14/2026,04:59,NS,CA,area,2,3,Y,,124,Data submitted to USGS
444,Chestnut-sided Warbler,,,1.0,,BBS JOGGINS (65023) site 49,45.6721102,-64.4811867,06/14/2026,04:59,NS,CA,area,2,3,Y,,124,Data submitted to USGS
445,Black-throated Green Warbler,,,1.0,,BBS JOGGINS (65023) site 49,45.6721102,-64.4811867,06/14/2026,04:59,NS,CA,area,2,3,Y,,124,Data submitted to USGS
446,Black-throated Green Warbler,,,1.0,,BBS JOGGINS (65023) site 50,45.6665295,-64.4834353,06/14/2026,04:59,NS,CA,area,2,3,Y,,124,Data submitted to USGS
447,Turkey Vulture,,,1.0,,BBS JOGGINS (65023) site 48,45.6730692,-64.4691839,06/14/2026,04:59,NS,CA,area,2,3,Y,,124,Data submitted to USGS
